name,attribute1,attribute2,attribute3,attribute4,attribute5,attribute6,attribute7,attribute8,attribute9,attribute10,attribute11,attribute12,attribute13,attribute14,attribute15,attribute16,attribute17,attribute18,attribute19,attribute20,attribute21,attribute22,attribute23,attribute24,attribute25,attribute26,attribute27,attribute28,attribute29,attribute30
Decline,-0.07,,,,,,,,,,,,,,,,,,,,,,,,,,,,,
Growth,0.15,,,,,,,,,,,,,,,,,,,,,,,,,,,,,
Introduction,0.1,,,,,,,,,,,,,,,,,,,,,,,,,,,,,
Maturity,0.03,,,,,,,,,,,,,,,,,,,,,,,,,,,,,
