{
  "elements" : [ {
    "allowOverride" : false,
    "combinationType" : "FUNCTION",
    "displayOptions" : 0,
    "elementGroups" : [ ],
    "elementName" : "Constants",
    "elementTimeout" : 0,
    "hideOnNull" : false,
    "hideWarnings" : false,
    "summarize" : false
  }, {
    "allowOverride" : false,
    "combinationType" : "FUNCTION",
    "displayOptions" : 16,
    "elementGroups" : [ ],
    "elementName" : "BuildRegionInput",
    "elementTimeout" : 0,
    "hideOnNull" : false,
    "hideWarnings" : false,
    "summarize" : false
  }, {
    "allowOverride" : false,
    "combinationType" : "FUNCTION",
    "displayOptions" : 0,
    "elementGroups" : [ ],
    "elementName" : "AbortOnSyntaxCheck",
    "elementTimeout" : 0,
    "hideOnNull" : false,
    "hideWarnings" : false,
    "protectedExpression" : false,
    "summarize" : false
  }, {
    "allowOverride" : false,
    "combinationType" : "FUNCTION",
    "displayOptions" : 0,
    "elementGroups" : [ ],
    "elementLabel" : "Region",
    "elementName" : "Region",
    "elementTimeout" : 0,
    "formatType" : "TEXT",
    "hideOnNull" : false,
    "hideWarnings" : false,
    "protectedExpression" : false,
    "summarize" : false
  }, {
    "allowOverride" : false,
    "combinationType" : "FUNCTION",
    "displayOptions" : 16,
    "elementGroups" : [ ],
    "elementName" : "Currency",
    "elementTimeout" : 0,
    "formatType" : "TEXT",
    "hideOnNull" : false,
    "hideWarnings" : false,
    "protectedExpression" : false,
    "summarize" : false
  }, {
    "allowOverride" : false,
    "combinationType" : "FUNCTION",
    "displayOptions" : 16,
    "elementGroups" : [ ],
    "elementLabel" : "Base Price",
    "elementName" : "BasePrice",
    "elementSuffix" : "Currency",
    "elementTimeout" : 0,
    "formatType" : "MONEY",
    "hideOnNull" : false,
    "hideWarnings" : false,
    "protectedExpression" : false,
    "summarize" : false
  }, {
    "allowOverride" : false,
    "combinationType" : "FUNCTION",
    "displayOptions" : 16,
    "elementGroups" : [ ],
    "elementLabel" : "MarginAdjustment (%)",
    "elementName" : "MarginAdjustmentPct",
    "elementTimeout" : 0,
    "hideOnNull" : false,
    "hideWarnings" : false,
    "summarize" : false
  }, {
    "allowOverride" : false,
    "combinationType" : "FUNCTION",
    "displayOptions" : 16,
    "elementGroups" : [ ],
    "elementLabel" : "Margin Adjustment",
    "elementName" : "MarginAdjustment",
    "elementSuffix" : "Currency",
    "elementTimeout" : 0,
    "formatType" : "MONEY",
    "hideOnNull" : false,
    "hideWarnings" : false,
    "protectedExpression" : false,
    "summarize" : false
  }, {
    "allowOverride" : false,
    "combinationType" : "FUNCTION",
    "displayOptions" : 16,
    "elementGroups" : [ ],
    "elementLabel" : "Attribute Adjustment (%)",
    "elementName" : "AttributeAdjustmentPct",
    "elementTimeout" : 0,
    "hideOnNull" : false,
    "hideWarnings" : false,
    "summarize" : false
  }, {
    "allowOverride" : false,
    "combinationType" : "FUNCTION",
    "displayOptions" : 16,
    "elementGroups" : [ ],
    "elementLabel" : "Attribute Adjustment",
    "elementName" : "AttributeAdjustment",
    "elementSuffix" : "Currency",
    "elementTimeout" : 0,
    "formatType" : "MONEY",
    "hideOnNull" : false,
    "hideWarnings" : false,
    "protectedExpression" : false,
    "summarize" : false
  }, {
    "allowOverride" : false,
    "combinationType" : "FUNCTION",
    "displayOptions" : 16,
    "elementGroups" : [ ],
    "elementLabel" : "List Price",
    "elementName" : "ListPrice",
    "elementSuffix" : "Currency",
    "elementTimeout" : 0,
    "formatType" : "MONEY",
    "hideOnNull" : false,
    "hideWarnings" : false,
    "protectedExpression" : false,
    "summarize" : false
  }, {
    "allowOverride" : false,
    "combinationType" : "FUNCTION",
    "displayOptions" : 0,
    "elementGroups" : [ ],
    "elementName" : "GrossMarginThreshold",
    "elementTimeout" : 0,
    "formatType" : "PERCENT",
    "hideOnNull" : false,
    "hideWarnings" : false,
    "protectedExpression" : false,
    "summarize" : false
  }, {
    "allowOverride" : false,
    "combinationType" : "FUNCTION",
    "displayOptions" : 16,
    "elementDescription" : "\t",
    "elementGroups" : [ ],
    "elementLabel" : "Gross Margin %",
    "elementName" : "GrossMargin",
    "elementTimeout" : 0,
    "formatType" : "PERCENT",
    "hideOnNull" : false,
    "hideWarnings" : false,
    "protectedExpression" : false,
    "redAlert" : {
      "comparisonElement" : "GrossMarginThreshold",
      "operator" : "<="
    },
    "summarize" : false
  } ],
  "inputDescriptors" : [ ],
  "label" : "Regional Pricing Pricelist",
  "status" : "ACTIVE",
  "uniqueName" : "RegionalPricingPricelist",
  "validAfter" : "2019-01-01"
}